{"data/AISD/test/shadow/tyrol-e2_sub2.tif": {"Interclass_variance": 0.049454011023044586, "Calinski-Harabasz": 520422.4375, "H_I_threshold": 0.6634789109230042, "I_threshold": 0.8568741679191589, "S_threshold": 0.8982224464416504}, "data/AISD/test/shadow/austin1_sub2.tif": {"Interclass_variance": 0.02874010056257248, "Calinski-Harabasz": 391564.21875, "H_I_threshold": 0.6461403965950012, "I_threshold": 0.7923387885093689, "S_threshold": 0.8408530950546265}, "data/AISD/test/shadow/vienna3_sub1.tif": {"Interclass_variance": 0.06266556680202484, "Calinski-Harabasz": 728737.875, "H_I_threshold": 0.6035100817680359, "I_threshold": 0.7481924295425415, "S_threshold": 0.789323627948761}, "data/AISD/test/shadow/austin2_sub2.tif": {"Interclass_variance": 0.029637301340699196, "Calinski-Harabasz": 536233.4375, "H_I_threshold": 0.6371681690216064, "I_threshold": 0.7877727746963501, "S_threshold": 0.8507584929466248}, "stats": {"H_I": [0.0006783634889870882, 2.2790870666503906], "I": [0.005442125257104635, 1.0], "S": [2.384185791015625e-07, 0.898656964302063]}}