{"/solid/data/Andenne_4bands_2022/00650100/test/tile_1_6.tif": {"Interclass_variance": 0.022421516478061676, "Calinski-Harabasz": 282981.0625, "H_I_threshold": 0.49859169125556946, "I_threshold": 0.5001070499420166, "S_threshold": 0.49908626079559326, "band4_threshold": 0.49721312522888184}, "/solid/data/Andenne_4bands_2022/00650100/test/tile_3_5.tif": {"Interclass_variance": 0.03259734809398651, "Calinski-Harabasz": 325770.40625, "H_I_threshold": 0.49852752685546875, "I_threshold": 0.5007500648498535, "S_threshold": 0.4981641471385956, "band4_threshold": 0.49385035037994385}, "/solid/data/Andenne_4bands_2022/00650100/test/tile_8_3.tif": {"Interclass_variance": 0.0001420196786057204, "Calinski-Harabasz": 2094.902587890625, "H_I_threshold": 0.49892905354499817, "I_threshold": 0.5007100105285645, "S_threshold": 0.49819037318229675, "band4_threshold": 0.49646610021591187}, "/solid/data/Andenne_4bands_2022/00650100/test/tile_1_15.tif": {"Interclass_variance": 0.017646538093686104, "Calinski-Harabasz": 206908.765625, "H_I_threshold": 0.5002466440200806, "I_threshold": 0.4959161877632141, "S_threshold": 0.5033746957778931, "band4_threshold": 0.4909237325191498}, "/solid/data/Andenne_4bands_2022/00650100/test/tile_5_2.tif": {"Interclass_variance": 0.00739905284717679, "Calinski-Harabasz": 183773.234375, "H_I_threshold": 0.4990234971046448, "I_threshold": 0.4987139403820038, "S_threshold": 0.49778518080711365, "band4_threshold": 0.49179285764694214}, "/solid/data/Andenne_4bands_2022/00650100/test/tile_16_15.tif": {"Interclass_variance": 0.023645302280783653, "Calinski-Harabasz": 406993.09375, "H_I_threshold": 0.49763646721839905, "I_threshold": 0.4990907907485962, "S_threshold": 0.4999748468399048, "band4_threshold": 0.4983963072299957}, "/solid/data/Andenne_4bands_2022/00650100/test/tile_3_7.tif": {"Interclass_variance": 0.008647656999528408, "Calinski-Harabasz": 152556.59375, "H_I_threshold": 0.49568629264831543, "I_threshold": 0.5014567971229553, "S_threshold": 0.49552851915359497, "band4_threshold": 0.49343985319137573}, "/solid/data/Andenne_4bands_2022/00650100/test/tile_4_12.tif": {"Interclass_variance": 0.017757512629032135, "Calinski-Harabasz": 220357.734375, "H_I_threshold": 0.5003539323806763, "I_threshold": 0.49788597226142883, "S_threshold": 0.5017754435539246, "band4_threshold": 0.494093120098114}, "/solid/data/Andenne_4bands_2022/00650100/test/tile_0_9.tif": {"Interclass_variance": 0.02210322767496109, "Calinski-Harabasz": 174107.5625, "H_I_threshold": 0.4987468123435974, "I_threshold": 0.5017017126083374, "S_threshold": 0.4981327950954437, "band4_threshold": 0.49808764457702637}, "/solid/data/Andenne_4bands_2022/00650100/test/tile_17_12.tif": {"Interclass_variance": 0.031340062618255615, "Calinski-Harabasz": 570525.3125, "H_I_threshold": 0.49645793437957764, "I_threshold": 0.49649742245674133, "S_threshold": 0.5002132654190063, "band4_threshold": 0.4970468580722809}, "/solid/data/Andenne_4bands_2022/00650100/test/tile_7_17.tif": {"Interclass_variance": 0.024152299389243126, "Calinski-Harabasz": 225438.0625, "H_I_threshold": 0.5010884404182434, "I_threshold": 0.5028952360153198, "S_threshold": 0.5038912892341614, "band4_threshold": 0.49464330077171326}, "/solid/data/Andenne_4bands_2022/00650100/test/tile_1_3.tif": {"Interclass_variance": 0.03061613254249096, "Calinski-Harabasz": 269104.875, "H_I_threshold": 0.49420103430747986, "I_threshold": 0.5006083846092224, "S_threshold": 0.4986928403377533, "band4_threshold": 0.489865243434906}, "/solid/data/Andenne_4bands_2022/00650100/test/tile_14_10.tif": {"Interclass_variance": 0.02644374594092369, "Calinski-Harabasz": 332054.1875, "H_I_threshold": 0.5009608864784241, "I_threshold": 0.5016460418701172, "S_threshold": 0.4980548918247223, "band4_threshold": 0.4971466660499573}, "/solid/data/Andenne_4bands_2022/00650100/test/tile_18_6.tif": {"Interclass_variance": 0.024257156997919083, "Calinski-Harabasz": 264600.03125, "H_I_threshold": 0.49869662523269653, "I_threshold": 0.4999738931655884, "S_threshold": 0.5016925930976868, "band4_threshold": 0.4932142198085785}, "/solid/data/Andenne_4bands_2022/00650100/test/tile_6_18.tif": {"Interclass_variance": 0.032521121203899384, "Calinski-Harabasz": 366294.28125, "H_I_threshold": 0.49827292561531067, "I_threshold": 0.4995582401752472, "S_threshold": 0.4967602789402008, "band4_threshold": 0.4938408136367798}, "/solid/data/Andenne_4bands_2022/00650100/test/tile_16_9.tif": {"Interclass_variance": 0.03046490252017975, "Calinski-Harabasz": 373276.40625, "H_I_threshold": 0.49591872096061707, "I_threshold": 0.5014458298683167, "S_threshold": 0.4979097843170166, "band4_threshold": 0.4946703612804413}, "/solid/data/Andenne_4bands_2022/00650100/test/tile_19_5.tif": {"Interclass_variance": 0.03843953087925911, "Calinski-Harabasz": 324952.625, "H_I_threshold": 0.5001537799835205, "I_threshold": 0.5028133392333984, "S_threshold": 0.5014659762382507, "band4_threshold": 0.49524274468421936}, "/solid/data/Andenne_4bands_2022/00650100/test/tile_8_1.tif": {"Interclass_variance": 0.0012314998311921954, "Calinski-Harabasz": 12843.0458984375, "H_I_threshold": 0.49576860666275024, "I_threshold": 0.5002753138542175, "S_threshold": 0.4974411129951477, "band4_threshold": 0.49520882964134216}, "/solid/data/Andenne_4bands_2022/00650100/test/tile_17_16.tif": {"Interclass_variance": 0.029837431386113167, "Calinski-Harabasz": 405609.0, "H_I_threshold": 0.5008160471916199, "I_threshold": 0.5000379681587219, "S_threshold": 0.4995589554309845, "band4_threshold": 0.4982093572616577}, "/solid/data/Andenne_4bands_2022/00650100/test/tile_10_1.tif": {"Interclass_variance": 0.01302417740225792, "Calinski-Harabasz": 198192.6875, "H_I_threshold": 0.4993903338909149, "I_threshold": 0.4988953471183777, "S_threshold": 0.5007555484771729, "band4_threshold": 0.4994240403175354}, "stats": {"H_I": [0.0006776851951144636, 2.1177635192871094], "I": [0.09989281743764877, 0.9960784316062927], "S": [3.107198551788315e-07, 0.8527854084968567], "Band4": [17.0, 254.0]}}