{"data/AISD/test/shadow/tyrol-e2_sub2.tif": {"Interclass_variance": 0.029363421723246574, "Calinski-Harabasz": 684441.375, "H_I_threshold": 0.5212109088897705, "I_threshold": 0.9876378774642944, "S_threshold": 0.9924214482307434}, "data/AISD/test/shadow/austin1_sub2.tif": {"Interclass_variance": 0.01685219071805477, "Calinski-Harabasz": 342534.875, "H_I_threshold": 0.4030146598815918, "I_threshold": 0.9699109196662903, "S_threshold": 0.9820451140403748}, "data/AISD/test/shadow/vienna3_sub1.tif": {"Interclass_variance": 0.0331854410469532, "Calinski-Harabasz": 564151.1875, "H_I_threshold": 0.47349122166633606, "I_threshold": 0.9519336819648743, "S_threshold": 0.9533339142799377}, "data/AISD/test/shadow/austin2_sub2.tif": {"Interclass_variance": 0.014558077789843082, "Calinski-Harabasz": 250457.5, "H_I_threshold": 0.4304172694683075, "I_threshold": 0.9782318472862244, "S_threshold": 0.9792775511741638}, "stats": {"H_I": [0.0006783634889870882, 2.2790870666503906], "I": [0.005442125257104635, 1.0], "S": [2.384185791015625e-07, 0.898656964302063]}}