{"data/4bands/test/tile_1_6.tif": {"Interclass_variance": 0.022421516478061676, "Calinski-Harabasz": 282981.0625, "H_I_threshold": 0.49859169125556946, "I_threshold": 0.5001070499420166, "S_threshold": 0.49908626079559326, "band4_threshold": 0.49721312522888184}, "data/4bands/test/tile_3_5.tif": {"Interclass_variance": 0.03259734809398651, "Calinski-Harabasz": 325770.40625, "H_I_threshold": 0.49852752685546875, "I_threshold": 0.5007500648498535, "S_threshold": 0.4981641471385956, "band4_threshold": 0.49385035037994385}, "data/4bands/test/tile_5_2.tif": {"Interclass_variance": 0.00739905284717679, "Calinski-Harabasz": 183773.234375, "H_I_threshold": 0.4990234971046448, "I_threshold": 0.4987139403820038, "S_threshold": 0.49778518080711365, "band4_threshold": 0.49179285764694214}, "data/4bands/test/tile_4_12.tif": {"Interclass_variance": 0.017757512629032135, "Calinski-Harabasz": 220357.734375, "H_I_threshold": 0.5003539323806763, "I_threshold": 0.49788597226142883, "S_threshold": 0.5017754435539246, "band4_threshold": 0.494093120098114}, "data/4bands/test/tile_1_3.tif": {"Interclass_variance": 0.03061613254249096, "Calinski-Harabasz": 269104.875, "H_I_threshold": 0.49420103430747986, "I_threshold": 0.5006083846092224, "S_threshold": 0.4986928403377533, "band4_threshold": 0.489865243434906}, "stats": {"H_I": [0.0006776851951144636, 2.1177635192871094], "I": [0.09989281743764877, 0.9960784316062927], "S": [3.107198551788315e-07, 0.8527854084968567], "Band4": [17.0, 254.0]}}